user_id,user_screen_name,created_at,mid,text,comments,shares,likes
7805625463,津包饺,03月06日 22:59,4876429206487187,各國應轟炸俄羅斯境內“暈輸線”……當年“炮擊金門”很久，最後因美國切斷了“廈門車站”運輸線，炮擊金門才止。（而不應去烏克蘭建軍工廠：俄會集中火力轟炸。）@美国驻华大使馆 @英國駐華使館 @歐盟在中國 @烏克蘭信使,5,,3
2181597154,俄罗斯卫星通讯社,03月06日 22:58,4876428979471750,【美国驻安卡拉大使就马克•米利访问叙利亚一事被召唤至土耳其外交部】安卡拉外交消息人士对俄罗斯卫星通讯社称，美国驻安卡拉大使杰夫•弗莱克已因美国参谋长联席会议主席马克•米利访问叙利亚一事而被传唤到土耳其外交部。O美国驻安卡拉大使就马克•米利访问叙利亚一事被召唤至土耳其外交部,3, 3,21
2496514120,小猫荐剧,03月06日 22:58,4876428955093819,俄罗斯公布长期盟友名单，中国不在其中，普京良苦用心我们意会了 L小猫荐剧的微博视频,,,
7278154319,军事在前沿,03月06日 22:58,4876428955353192,《插手台海挑衅？韩国3架军机直闯台湾空域，中方24架军机紧急起飞》美国等这样的机会已经很久了，如何才能最大程度的削弱俄罗斯，才是美国一直关注的，没有了俄罗斯这样的劲敌，中国将会成为美国最主要的对手！O网页链接,,,
5979629331,五桶工坊,03月06日 22:57,4876428607495596,俄罗斯正在把双管 25 毫米舰炮安装到MT-LB装甲车上作为步兵战车使用。2M-3M型双 25 毫米舰炮生产于苏联上世纪50年代，而MT-LB装甲车是俄军经常使用的一种消耗性的履带式平台。这二者一结合就变成了缝合怪！有人说这是俄罗斯的步战车打光了，我倒不这么看，毕竟MT-LB作为一款装甲运输车原本的车载武器只 展开全文c,7, 2,14
1847123567,香港商報網,03月06日 22:57,4876428519146420,【#德媒称已基本实现对俄气的替代#】#德国下一个冬季储气仍面临挑战# 据德新社4日报道，德国能源监管机构联邦网络局的数据显示，德国加大从挪威等国进口天然气后，已基本实现对俄罗斯天然气的进口替代。据德媒报道，在2017年至2022年2月间，德国平均每月净进口77太瓦时的天然气，用于满足国内需要和填 展开全文c,4,,4
2558808581,哎哟我滴个乖乖哟,03月06日 22:56,4876428480353908,郭正亮：伊朗航空业至少比俄罗斯好，俄罗斯烂到要买伊朗的无人机我是有点不测#中国##台湾##俄乌局面##关注俄乌局面最新停顿# L哎哟我滴个乖乖哟的微博视频,,,1
6906939847,猫头鹰白桃冰,03月06日 22:56,4876428452038977,"上学期在图书馆借了一本《论宗教大法官的传说》，其实没完全看懂打算等学宗教之后再看一遍。
和友聊天：对这本印象最深是因为它被放在厕所门口，找的时候忍味儿忍了很久。
我：但是好像俄罗斯文学都在那边
友：……好吧……倒也符合",6,,1
1186754534,DonaLmui,03月06日 22:56,4876428426349117,2014年2月11日至14日，安妮和驸马在索契冬奥会期间访问俄罗斯，不知道是刷公务顺便看冬奥会还是看冬奥会顺便刷公务。安妮作为英国奥委会主席，半个世纪以来几乎不会错过任何一届夏奥会，冬奥会偶尔出席。,3,,9
2404785912,乌克兰老李,03月06日 22:56,4876428346654938,俄羅斯與白俄羅斯將被逐出歐洲高等教育資格互認公約-鳳凰秀 O网页链接,,,10
6294988897,这就是宇宙,03月06日 22:55,4876428158173477,赖岳谦：拜登突访基辅防空警声报大作是演戏，当天俄罗斯根本没有任何攻打#中国##台湾##美国##俄乌局面# L这就是宇宙的微博视频,,,
6867517838,九天揽月之吃瓜群众,03月06日 22:54,4876427944005303,拉夫罗夫称乌军先发动战争，惨遭印度人嘲笑，暴露普京的重大失策O网页链接 武器武器不行，后勤后勤不行，作战作战不行！现在就连“舆论战”也遭人嘲笑！俄罗斯你是怎么了？！😂,,,
7399894004,沙姆雄狮_EL,03月06日 22:54,4876427838625371,"斯瓦托沃——克列缅纳亚方向，俄罗斯军队使用电子战设备击落乌克兰军队的一架无人机。

#俄乌局势新进展##俄乌局势#",1, 4,37
7775899051,辣卤输卵管,03月06日 22:54,4876427764175438,妊宝和俄罗斯娜娜还有菲菲姐坐一起了，对我眼睛很好。,,,2
6992976169,缘木球鱼,03月06日 22:52,4876427491022992,瓦格纳的战士们在巴赫穆特高尔基大街上的坦克纪念碑挂上了瓦格纳的旗帜！太帅了可惜米格-17纪念碑可能已经被乌军炸毁了。#俄乌局势新进展##关注俄乌局势最新进展##俄罗斯# L缘木球鱼的微博视频,8, 6,56
1687813073,李建秋的世界,03月06日 22:52,4876427457467462,"虽然我国的传媒拉胯，但是拜这个世界上还有一些外国人在华，他们也是做自媒体的，所见所闻也能代表一些问题。
是的，我国传媒拉胯，我国传媒拉胯，我国传媒拉胯，说三遍。

这个视频是一个俄罗斯汽车博主拍的，每年他都会参加广州车展。
2021年，2022年，点击率最高。
视频下面的俄罗斯人羡慕坏了。

展开全文c",394, 210,7869
5915663913,杭德轻轨,03月06日 22:52,4876427349201396,"俄罗斯现阶段的中心任务还是要消灭乌反攻能力有生力量，重点剪除乌空降能力，并防止老美利用乌开辟发起新一轮生化战场，积极保护俄国内生化科学家安全。#军阀##防范非法集资,普及金融知识##防范非法集资,普及金融知识#日常",,,
3144909821,时代草稿,03月06日 22:52,4876427285763045,"俄乌战争（31）普京时代

#俄称美企图在乌使用化武嫁祸俄方# 晋凉王普京执掌俄罗斯，以铁腕的执政风格，一次次吸引世界的目光。他攻车臣、灭寡头，与西方势力强硬争锋，立志要让俄罗斯站上世界强国之位，他做到了吗？普京如何登上总统之位？已经四次出任的他，又用什么样的方法来复兴俄罗斯？#兵者凶器 展开全文c",,,5
3164766997,豫章天子,03月06日 22:51,4876427046949622,俄罗斯防空部队的铠甲S防空导弹在Tuapse港停泊处执行战斗任务。 L豫章天子的微博视频,, 1,17
5119959054,侍者达芬奇,03月06日 22:50,4876426778253822,"#白俄罗斯杯##莫济里#

2022-23赛季白俄罗斯杯四分之一决赛首回合，莫济里斯拉维亚（2:0）斯卢茨克。

62′弗拉迪米尔·波洛兹、88′Nikolay Ryabykh",,,
5409422167,我在岸上看丨,03月06日 22:49,4876426728182894,美国划出红线，俄罗斯在伊朗未能获得导弹。,3, 2,47
6106625852,平行視覺_,03月06日 22:49,4876426698293809,"这名乌克兰战士，被俘后从容自若说：“荣耀归于乌克兰。”然后被处决。
这是对日内瓦公约的践踏，俄罗斯战犯必将受到海牙法庭的审判。 O网页链接",16, 26,120
1499104401,新浪军事,03月06日 22:49,4876426542843683,【#卡德罗夫臃肿现身引发中毒猜测#】上个月，卡德罗夫缺席俄罗斯总统普京在莫斯科发表国情咨文的大会。有关人士称，严重肾病可能是卡德罗夫缺席的原因。卡德罗夫的私人飞机最近多次飞往阿联酋。哈萨克斯坦记者阿扎马特·迈塔诺夫在社交媒体上透露，“有消息称，阿联酋的首席肾病学家亚辛·易卜拉欣·沙哈 展开全文c,11, 6,17
6411458871,喝多了会武术,03月06日 22:49,4876426527118914,"#LV#
是因为乌 lv支持俄罗斯上的烫搜么",1,,
7275173905,在泡泡中的小鱼,03月06日 22:48,4876426467082599,18：2，印度在G20上的背叛，让中国成唯一站在俄罗斯一边的国家 #俄乌战争 #印度 #G20外长会议 ##快手# @快手 来自快手消息 L瞩望云霄的快手视频,,,
1999797901,吕培乔,03月06日 22:46,4876425922093691,"胃口真大，不是一次一次要了，你得按月供。
乌克兰防长致信欧盟：请每月供25万枚炮弹。
列兹尼科夫说：乌克兰由于缺乏补给，军队发射的炮弹远远不够。他在信中写道：火炮发挥了至关重要的作用，平均而言乌克兰每月需要发射11万枚155毫米口径炮弹，这只是俄罗斯使用量的四分之一。
评：胃口确实大，火炮 展开全文c",2, 2,3
7399894004,沙姆雄狮_EL,03月06日 22:46,4876425881195697,"顿涅茨克州，乌克兰军队使用无人机投弹破坏俄罗斯军队丢弃的一辆 T-80BV 坦克。

#俄乌局势新进展##俄乌局势# L沙姆雄狮_EL的微博视频",10, 2,23
7276195549,公方彬在思想,03月06日 22:46,4876425772142653,"我认为这其中反映着美国对中国的误读误解：
一个是误读了中国共产党反腐的决心，似乎我们只反国内贪官，不反财产转移到国外的贪官。
另一个是误以为中国的官员也像俄罗斯官员那样腐败，很多人有很多财产转移到美国等西方国家。
因为有了两个误读误解，才如此明目张胆的威胁中 展开全文c",52, 15,341
5617343770,非于KAKA,03月06日 22:45,4876425519432600,"读书人的日常

天气惊人的差。出租车玻璃上贴了淡紫色的膜，魔幻滤镜。原谅我一回来就喉咙痛，而且忙到心情不佳
昨夜失眠看了头两章纳博科夫的《玛丽》。爱情究竟是什么。初恋的美好回忆，与不可言说的思乡，与俄罗斯的旧时光交织在一起。又哀又美。

“逆向的思乡，即渴望去到又一个陌生的地方 展开全文c",15, 3,18
7514676758,素人观点,03月06日 22:45,4876425495318482,"#俄乌局势# #俄乌局势新进展# 俄罗斯对乌克兰的突袭继续
今天，俄罗斯军队袭击了顿涅茨克的顿河君士坦丁罗夫卡和克拉马托尔斯克，克拉马托尔斯克的袭击包括一所学校。",,,5
1641561812,经济观察报,03月06日 22:44,4876425293728895,【#英国向欧洲大陆输气管道暂停供气#，或加剧欧洲大陆天然气短缺】据今日俄罗斯电视台网站报道，4日晚，运营商发布通知称，因设备故障问题，英国通过比利时向欧洲大陆输送天然气的重要管道之一“互连”天然气管道暂停供气，并持续至3月8日。此次管道的故障可能进一步加剧欧洲大陆天然气短缺的状况。 展开全文c,2,,4
2201674061,奶酪欧尼,03月06日 22:44,4876425255191149,"拼夕夕互助#互助拼多多# 0.3r出一次助力，可接多量。提供过程截图，可先刀后米

【还有少量新人】

2r 5次 5r20次 10r50次
支持先用后付！

我也是，在法国和瑞士待久了都有点吃不惯中餐了，另外附上法国和瑞士得地道食品在俄罗斯待久 ???在俄罗斯待久了 ???",,,
2209730323,融媒体张灏,03月06日 22:43,4876425222688426,"【#俄罗斯顶级科学家被勒死家中#，系俄新冠疫苗研发者之一】当地时间3月2日，俄罗斯顶级科学家安德烈·博蒂科夫（Andrey Botikov）在位于莫斯科西北部的公寓里被人用皮带勒死。俄罗斯联邦调查委员会称，正对这起谋杀案进行调查。

博蒂科夫是俄罗斯国家流行病学和微生物学研究中心的高级研究员，曾在俄 展开全文c",,,
3490006471,Carlos-沉睡的记忆,03月06日 22:43,4876425209841243,"坚守在巴赫穆特。
#关注俄乌局势最新进展##俄罗斯乌克兰##乌克兰#",, 1,5
7577432788,呆湾呱呱叫,03月06日 22:42,4876424802996386,德国渐渐“独立自主”了，浪子回头金不换哈，在慕尼黑会议不仅大喇喇的使用华为5G设备，近日朔尔茨去华府聆训回德后，也未答应拜登要其谴责“中国军援俄罗斯”的谎言…,,,2
2189976062,擒龙头抓妖股,03月06日 22:41,4876424643348759,"今日看盘 人民币在俄罗斯的交易量出现大幅度增长。#财经#
2022年2月份时候，美元在俄罗斯的交易量占到了87.6%，欧元占到了11.9%，而人民币才占到0.32%。但是自从美国制裁俄罗斯之后，美元在俄罗斯的交易量出现大幅度下滑，从去年2月份的87.6%降低到了今年2月的38%，欧元的比例变为了21.2%，而 展开全文c",,,126
7798156814,怕黑不说话,03月06日 22:40,4876424421578308,"俄罗斯跟乌克兰的土地问题，其实还是关键资源问题。那几个小地方都是重地。
土地主=权问题，如果回顾历史也就两百年那种间隔，历史上俄罗斯打下来为乌克兰那里争取的还少吗？
这些真难说，靠边站的人，也就是多选择一面。
连坡地都强调权完整性，也就是某个时期来说，还是西方观点影响的。。。

乌克兰 展开全文c",1,,
6405076830,万能小子,03月06日 22:40,4876424244369921,看看俄罗斯人??到底有多懒？  L奇闻盘点的微博视频,,,
7792638712,戴草帽的稻草人1982,03月06日 22:39,4876424135841168,"俄罗斯雇佣兵组织瓦格纳集团创办人普里戈津说，该集团的代表星期一（3月6日）被禁止进入俄罗斯在乌克兰的军事指挥部。
感觉瓦格纳要被抛弃了……",,,1
5119959054,侍者达芬奇,03月06日 22:38,4876423964137152,"#白俄罗斯杯##维捷布斯克#

2022-23赛季白俄罗斯杯四分之一决赛首回合，维捷布斯克（0:0）格罗德诺涅曼河。",,,
6244553417,今日俄罗斯RT,03月06日 22:38,4876423855346554,一起欣赏浪漫的北极光【#俄罗斯北德文斯克市夜空现北极光#】3月6日，俄罗斯阿尔汉格尔斯克州北德文斯克市居民在社交媒体上上传了其拍摄到的北极光画面。 L今日俄罗斯RT的微博视频,6, 11,84
3285482562,烟台广播,03月06日 22:38,4876423737640387,"【#英国一条向欧洲输气管道暂停供气#，或加剧欧洲大陆天然气短缺】据今日俄罗斯电视台网站报道，4日晚，运营商发布通知称，因设备故障问题，英国通过比利时向欧洲大陆输送天然气的重要管道之一“互连”天然气管道暂停供气，并持续至3月8日。此次管道的故障可能进一步加剧欧洲大陆天然气短缺的状况。
展开全文c",,,
5097706421,柒柒也乖乖,03月06日 22:37,4876423682590329,"俄罗斯套娃
拆封了一个迷你样",,,
6179782078,让大卫戈尔尝尝可乐鸡翅,03月06日 22:37,4876423619677634,"现实生活中，全球的概念可能包括中国之外的

国家，俄罗斯，日本，韩国，美国等等。但是

《沧山橘影镐京都》的世界地图就只有中国大

陆，这个RPG所指的全球就这么大。",,,1
1083420550,戴和平律师,03月06日 22:36,4876423434603295,《18：2，印度G20的背叛，让中国成唯一站在俄罗斯一边的国家》 O18：2，印度G20的背叛，让中国成唯一站在俄罗斯一边的国家 来自@网易新闻客户端 #网易新闻#,,,
5711500046,-Wagner-,03月06日 22:36,4876423322665543,🇷🇺俄罗斯联邦拒绝在欧安组织的维也纳文件框架内提供有关其军队的信息。此举是对西方行动的回应。,2, 2,15
3083675764,体坛星闻社,03月06日 22:36,4876423246385819,"#K宝俄罗斯大奖赛总决赛亚军##沸腾吧三月#
俄罗斯花样滑冰大奖赛总决赛，“K宝”瓦利耶娃在自由滑中演绎了《楚门的世界》，拿到了162.79分，并以总分241.76分获得亚军。
阿杰丽亚-彼得罗相获得金牌。
即将年满17岁的瓦利耶娃称，冬奥会上所经历的一切让自己更坚强。L界外编辑部的微博视频",,,2
1826843991,一个让世界嫉妒的男人,03月06日 22:35,4876423182944464,俄罗斯 苏-25 在特别军事行动任务区 #乌克兰俄罗斯爆发军事冲突##英国军情六处##俄乌局势# L一个让世界嫉妒的男人的微博视频,5, 13,55
1851829487,发现者123456789,03月06日 22:34,4876422914772613,《1997年乔·拜登 (Joe Biden) 在大西洋理事会的演讲： 俄罗斯人对我说，‘如果你继续扩大北约；我们要和中国交朋友。’我几乎笑了起来；我几乎无法控制自己，我说，“祝你们好运。如果你在中国不行，试试伊朗。 ”》1997年乔·拜登 (Joe Biden) 在大西洋理O网页链接,,,
7463346216,调啡师,03月06日 22:33,4876422612785985,"【俄乌冲突】【#泽连斯基終於同意和谈#！】

连斯基終於同意和谈，但提出了新的条件！我国将主持俄乌和谈！

此前法国总统马克龙向泽连斯基提议，俄乌和平谈判要在巴黎举行。但在我国提出解决俄乌冲突的“十二条方案”，虽然俄乌双方没有第一时间同意。但此次乌克兰却明确表示，俄乌和谈必须有中美两国 展开全文c",4, 1,3
1649755443,1zuohong67,03月06日 22:32,4876422223237563,俄罗斯成功阻止一起对知名人士的谋杀事件 O俄罗斯成功阻止一起对知名人士的谋杀事件,,,
3686514793,莫言夕凌,03月06日 22:31,4876422034493015,莫斯科多个地点增设“铠甲”防空系统，普京参加闭门会议：加强反恐安全保护，俄媒：俄罗斯别尔哥罗德州 防空系统启动击落3枚导弹！#国际新闻 #俄罗斯 ##快手# @快手 L三明市融媒体中心的快手视频,,,
6550209635,康乐春秋,03月06日 22:31,4876422005658764,IMF总裁好闲事，多次抨击中国，疫情防控政策，像森林大火蔓延，拖累全球经济，1/3国家陷入衰退。极力吹捧美国，结果适得其反，中国更有韧性，已经全面复苏。西方非常的错愕，还处于疫情中，依然无法复苏。美国还搞零元购，治安处于混乱中，却幻想搞垮俄罗斯？,,,
2376534624,美东侨报,03月06日 22:31,4876421971056152,【俄称乌袭击布良斯克州平民 乌方予以否认】俄罗斯布良斯克州州长2日称，乌克兰人员自乌克兰境内潜入该州克利莫夫斯基区并发动袭击，目前造成2人死亡。受此影响，俄总统普京取消了当日的国内行程，乌克兰方面则对此予以否认。>> O网页链接,, 1,
6244553417,今日俄罗斯RT,03月06日 22:30,4876421828186902,"【白俄前总统候选人季哈诺夫斯卡娅被缺席判处15年监禁后，#波兰呼吁欧盟对白俄罗斯实施新制裁#】当地时间3月6日，白俄罗斯首都明斯克法院缺席判处前总统候选人斯维亚特兰娜·季哈诺夫斯卡娅15年监禁。在判决结果宣布后，波兰呼吁欧盟对白俄罗斯实施新的制裁。

明斯克法院在审判前表示，季哈诺夫斯卡娅 展开全文c",14, 3,58
7399894004,沙姆雄狮_EL,03月06日 22:30,4876421804326985,"俄罗斯军队使用无人机引导炮兵打击树林中的一队乌克兰步兵，乌军撤离伤兵时又吃了炮弹，伤兵被丢下。

#俄乌局势新进展##俄乌局势# L沙姆雄狮_EL的微博视频",2, 10,53
2197546765,蝶儿的背囊,03月06日 22:30,4876421753475450,这场战争完全可以避免，中国主张谈判解决纷争，而美国，北约，泽连斯基不答应，非要战场上一决雌雄，非要走美国“战斗只剩下一个乌克兰人”，北约不断东扩直到威胁俄罗斯安全……这场战争……#关注俄乌局势最新进展# O网页链接,,,
1770182721,weaverbird,03月06日 22:29,4876421627385788,"俄罗斯联邦总统上海合作组织事务特别代表、外交部无任所大使哈基莫夫访问北京后发表的声明：

俄罗斯等国支持白俄罗斯加快加入上合组织；",,,
5602641718,你要乖乖的鸭123,03月06日 22:29,4876421488447932,"#俄罗斯地接##俄罗斯导游##俄罗斯旅游签#
亲故们，国门打开，来俄罗斯旅游吧！
签证30/90天办理中
莫斯科专业导游地接，让您出行无忧！ L你要乖乖的鸭123的微博视频",3,,1
5401584511,MooovTeam,03月06日 22:28,4876421367858225,"MooovTeam 这是我们在广告中制作的视觉效果的成果。
Mooov俄罗斯电影特效制作公司

#mov##move##moov##mooov##movteam##moovteam##mooovteam##moveyourdream##moovyourdream##mooovyourdream##movCG##movVFX##moovCG##moovVFX##mooovCG##mooovVFX##mooov视觉效果##mooov特效##mooov电脑视觉效果# 展开全文c",,,1
5119959054,侍者达芬奇,03月06日 22:27,4876421203234640,"#白俄罗斯杯##鲍里索夫#

2022-23赛季白俄罗斯杯四分之一决赛首回合，博布鲁伊斯克轮胎厂（0:5）鲍里索夫。

12′+34′瓦莱里·格罗米科、29′+68′Artem Kontsevoj、50′丹尼斯·拉普捷夫

本场是鲍里索夫球员Dmitry Bessmertniy代表的百场里程碑。",,,
6686390506,早C晚E废学家,03月06日 22:26,4876420876337700,"真好，很高兴最近又重新燃起了对文字的热爱，因为想刻画不同的人设，于是在补e的影视作品时，认认真真琢磨人物形象和时代背景，像学生时代那样咬文嚼字的写感悟。我只是在做这件事的时候就感到无尽快乐，对我会因这些作品做出怎样的二度创作而感到期待。

我看麦狗，看俄罗斯的漫天大雪，看绿皮火车在 展开全文c",,,2
1599352062,教书人语,03月06日 22:26,4876420810017124,"俄罗斯，一年的军费开支通常是600-700亿美元左右，而欧美等西方国家，这一年援助给乌克兰的总额即相当于俄一年军费开支的2倍还多。

这一战争，之所以迟迟不能停下来，与此有很大关系",,,
6585541590,剑檐琴心,03月06日 22:26,4876420776728796,狛枝这里好帅！俄罗斯转盘最高难度都能成功不愧是超高校级的幸运,,,2
7819315241,搞笑姐姐2023,03月06日 22:25,4876420608956835,俄罗斯和中国这座不是一般的桥，是连着友谊的桥梁 #俄罗斯 #黑河口岸 #中俄友谊大桥 - L搞笑姐姐2023的微博视频,,,1
6284509007,一纸琉涟,03月06日 22:25,4876420503834847,"波兰军港囤满了北约重武器，积压了对俄罗斯五百年的恨
消息来自外媒，波兰格旦斯克军港突现大量北约国家的重型武器装备。其中以美国的M1坦克和布拉德利战车为主，总数预计不少于1000辆。

不少军事分析专家相信，这些重型武器装备将在不久后悉数交接给乌克兰，并投入到俄乌冲突的前线对抗俄罗斯军队。
展开全文c",25, 5,69
2712601544,香港衛視HKS,03月06日 22:25,4876420465560162,"据塔斯社报道，近日，LV发布了一则广告片，其中带有蓝白红三种颜色的旗帜在风中飘扬，上面还印有一个黑色的符号“V”。

对此，一些网友认为，这则视频中的元素让人不禁联想到了俄罗斯国旗，是“LV支持俄罗斯”的表现。乌克兰总统办公室主任顾问波多利亚克也在社交媒体上表达了类似的批评。

波多利亚 展开全文c",3,,7
6490045001,源艺晶_曜源,03月06日 22:24,4876420230684284,"他/她/它们说，

所以，不论是你们说的香菜、星星、红月……

其实都是印度人、尼泊尔人，在太阳宗教、牧斯林、天主教、基督教，

做的各种跳板，

哪个对自己有利，就跳哪个。

现在最后一张印度人、尼泊尔人的跳板，应该就是俄罗斯的东正教。",,,
3366558780,天津外事,03月06日 22:23,4876420122154283,天津市与白俄罗斯莫吉廖夫州签署深化合作三年行动计划（2023—2025年）O天津市与白俄罗斯莫吉廖夫州签署深化合作三年行动计划（2023—2025年）,,,
2492287940,航空新视野-赤卫,03月06日 22:23,4876420117168896,"俄罗斯空天军装备的苏-35S战斗机，有一说一，图1这样的照片不难，图2这样的照片水平很高啊。喜欢摄影的网友，大家知道图2是怎样拍的吗？
图片转自网络，侵删",12, 8,24
2674683261,雪域里的星星,03月06日 22:22,4876419954644325,这么说来，俄罗斯也能在阿拉斯加存放弹药喽？,,,
1927774511,武术家马海松,03月06日 22:22,4876419827504243,俄罗斯一邻国选举结果出炉，乌克兰看后笑了@新浪博客 O俄罗斯一邻国选举结果出炉，乌克兰看后笑了,,,
5331919002,Mutterseelenallein,03月06日 22:22,4876419753051424,"AlinaGorbacheva
【2023俄罗斯大奖赛总决赛】

自由滑六练热身 LMutterseelenallein的微博视频",,,
5904094160,叁山皎月,03月06日 22:22,4876419739949216,"如果俄罗斯输了：
1、俄罗斯可能分成几个国家，然后都倒向西方。
2、俄罗斯的油田被西方控制，油价也被西方左右。
3、北约继续东扩至东亚。
4、美西方把手段复制过来亚洲这边，针对我们，我们的压力会更大。
5、俄罗斯的联合国常任理事国席位可能变成德国或者印度的。
6、世界各国更加的怕美国，会有更 展开全文c",,,
5393135816,寰亚SYHP,03月06日 22:21,4876419584762034,白俄罗斯明斯克法院，以缺席判决反对派人物季哈诺夫斯卡娅15年监禁。季哈诺夫斯卡娅被指控犯有12项罪名，包括“串谋违宪夺权”。去年2月26日，她单方面宣布自己是白俄罗斯领导人，目前在国外。,46, 11,318
7410831393,Flug,03月06日 22:21,4876419517649669,今天上了牌已经算完美结束了，俄罗斯历史别来烦我明天烦也行,,,
2492287940,航空新视野-赤卫,03月06日 22:21,4876419505324053,俄罗斯空天军装备的苏-35S战斗机，虽然这架战斗机的涂装掉色明显，不过有一说一，这照片拍得不错啊，俄罗斯这个空军基地的空气通透度真好啊。这样的自然环境下，容易出大片。,1, 1,6
7493188178,wzstywzgyb,03月06日 22:21,4876419472299499,俄罗斯铁路公司表示，在在满洲里方向的外贝加尔斯克口岸，俄方铁路运力仅仅能够满足14.2%左右的货运需求，俄罗斯企业库存堆积如山的商品无法快速变现。O针对还给中国的领土，俄罗斯有个新想法，俄方重点选在了黑瞎子岛来自@凤凰新闻客户端,,,
6856641319,蜗牛驮着大肥象,03月06日 22:21,4876419463122318,"🇷🇺⚔️🇺🇦截至15:00（莫斯科时间）的巴赫穆特之战情况……“绞肉机”将继续

◽️ 乌克兰军队发起反击以在完全撤离的情况下维持与城市的连接通道（尽管城市处于作战包围之下）。
◽️乌克兰司令部正在从城市中部分撤离驻军。通往 Konstantinovka 和 Chasiv Yar 的唯一道路处于俄罗斯部队的 展开全文c",3, 3,19
6409775405,鹅毛毛丹尼尔,03月06日 22:20,4876419416983923,"🇺🇦乌克兰武装部队担心俄罗斯军队的推进，正在加强切尔诺贝利地区的力量。
“国防军正在加强切尔诺贝利地区的防御，以防北方的进攻。他们已经开始在那里建造据点和防御工事。”媒体进行了报道。
最近，那里举行了军事演习。 L鹅毛毛丹尼尔的微博视频",5, 1,54
2353104594,我叫肥佬黎,03月06日 22:20,4876419311604368,"拼夕夕互助#互助拼多多# 0.3r出一次助力，可接多量。提供过程截图，可先刀后米

【还有少量新人】

2r 5次 5r20次 10r50次
支持先用后付！

我也是，在法国和瑞士待久了都有点吃不惯中餐了，另外附上法国和瑞士得地道食品在俄罗斯待久 ???在俄罗斯待久了 ???",,,
6377377000,用户6377377000,03月06日 22:20,4876419290635311,//分享网易视频:《俄罗斯的战术秘笈泄露，乌克兰如获至宝！》 O俄罗斯的战术秘笈泄露，乌克兰如获至宝！ @网易新闻客户端 #网易新闻#,,,
5564927603,无心简影,03月06日 22:19,4876419182365746,【#英国向欧洲大陆输气管道暂停供气#，或加剧欧洲大陆天然气短缺】据今日俄罗斯电视台网站报道，4日晚，运营商发布通知称，因设备故障问题，英国通过比利时向欧洲大陆输送天然气的重要管道之一“互连”天然气管道暂停供气，并持续至3月8日。此次管道的故障可能进一步加剧欧洲大陆天然气短缺的状况。 展开全文c,21, 6,105
7691648584,兵家环球超级军事大本营2023,03月06日 22:19,4876419152222112,中国兵家环球军事超级大本营:俄罗斯联邦车臣共和国总统被传病重，其儿子面见俄罗斯总统普金。#普金##车臣##俄罗斯#,,,
6450367173,快兰斯24小时财经直播2,03月06日 22:19,4876419001750514,实时播报：俄罗斯天然气股份公司（Gazprom）发售价值2.286亿欧元的本土债券，以置换其欧元债券。,,,1
2181597154,俄罗斯卫星通讯社,03月06日 22:19,4876418952204780,【中国出生人口减少冲击教育行业】几年前，孩子“入园难”“入园贵”的问题困扰着一些中国的父母们，而现在幼儿园“一孩难求”的话题引发热烈讨论。中国专家在接受俄罗斯卫星通讯社采访时表示，出生人口减少对中国的学校招生产生了较大冲击。学校可以抓住这一时机提高教学质量，并更加重视教育资源的合 展开全文c,15, 5,56
3450246104,币圈途说,03月06日 22:18,4876418935163785,"瓦格纳士兵的命运：死路一条。唉，动员兵又何尝不是这样。整个的俄罗斯仿佛被帝国梦催眠了一样，僵尸般地走向死亡。

#俄罗斯# #乌克兰# #乌克兰战争# #俄罗斯乌克兰#",2,,4
1528265135,公民网官网,03月06日 22:18,4876418859933913,【#俄罗斯顶级科学家在家中被皮带勒死#，系俄新冠疫苗研发者之一】 #俄新冠疫苗研发者被勒死家中# 当地时间3月2日，俄罗斯顶级科学家安德烈·博蒂科夫（Andrey Botikov）在位于莫斯科西北部的公寓里被人用皮带勒死。俄罗斯联邦调查委员会称，正对这起谋杀案进行调查。博蒂科夫是俄罗斯国家流行病学和微 展开全文c,,,
6338609061,用户6338609061,03月06日 22:18,4876418759265567,《西方最严厉制裁彻底失败，俄罗斯幽灵油轮出动，向全世界送货》此视频已有2138次播放，快来一起看看！O网页链接,,,1
5119959054,侍者达芬奇,03月06日 22:18,4876418712865384,"#白俄罗斯杯#

2022-23赛季，白俄罗斯杯四分之一决赛首回合，若基诺鱼雷（2:1）索利戈尔斯克矿工。

14′Aleksandr Chizh（德米特里·利萨科维奇助攻）、90+4′Evgeni Shevchenko/35′马克西姆·斯卡维什（点球）",,,
5893730317,清静无为道心,03月06日 22:18,4876418708152264,为什么美帝污蔑中国企业向俄罗斯提供非致命性援助？为什么美帝污蔑中国计划向俄罗斯提供致命性援助并叫嚣让中国付出沉重代价（当然，此举是美帝玩弄宋高宗与秦桧的莫须有手段罢了）？令人想到这样的一幕：深夜，胆小如鼠之人吹着口哨孤身过坟场。两个字可概括美帝的心态：恐惧！,,,
7630606656,鲁登君,03月06日 22:17,4876418633438156,"杨幂 思维的由此及彼
说到南非，自觉不自觉地会想到曼德拉；说到利比亚，自觉不自觉地会想到卡扎菲；说到伊拉克，自觉不自觉地会想到萨达姆；说到俄罗斯，自觉不自觉地会想到……当然，不同的人，会想到不同的人。",,,
6377377000,用户6377377000,03月06日 22:16,4876418351628600,//分享网易视频:《俄罗斯的战术秘笈泄露，乌克兰如获至宝！》 O俄罗斯的战术秘笈泄露，乌克兰如获至宝！ @网易新闻客户端 #网易新闻#,,,
5386586408,67号喜羊羊,03月06日 22:16,4876418300774087,谋杀！当地时间3月2日，俄罗斯顶级科学家安德烈·博蒂科夫（Andrey Botikov）在位于莫斯科西北部的公寓里被人用皮带勒死。 L67号喜羊羊的微博视频,12, 29,46
1613755807,罶89,03月06日 22:15,4876418116223433,《假如俄罗斯战败并解体，谁会是最大的受益者？》以现实而论，如果俄罗斯战败并解体，乌克兰无疑是最直接的受益者。对于法、德、意等欧洲大陆国家来说，如果俄罗斯战败和解体了，它们也算是受益者。O网页链接,,,
6244553417,今日俄罗斯RT,03月06日 22:15,4876418108627466,"【#俄罗斯空降部队突击画面#】俄罗斯空降部队在特别军事行动中突击了敌军的地面阵地。

3月6日，俄罗斯国防部公布了在乌克兰特别军事行动中以第一人称视角拍摄的空降部队作战画面。

俄国防部报告称，视频拍摄日期不明，但在此次行动中，俄士兵歼灭了乌克兰武装部队6名士兵，且俄方没有出现任何人员伤 展开全文c",62, 26,372
7295652442,PetrGumennik豆雁窝,03月06日 22:15,4876418063009484,"俄罗斯大奖赛决赛
给粉丝签名的选手们
Petr Gumennik
@ForBoikovaKozlovski
@DmitriAliev如诗的冰上轨迹

cr. nadergulovad",, 1,20
3450246104,币圈途说,03月06日 22:13,4876417562842086,"《金融时报》写道，由于担心乌克兰随后会收到远程导弹，俄罗斯没有从伊朗购买弹道导弹。

#乌克兰##乌克兰战争##俄乌局势##俄罗斯#",,,1
5880819126,Uglyllliiiu,03月06日 22:13,4876417521160917,读俄罗斯文学的第一步是先去先到一张人物关系图，凭借此我不用再挣扎在人名的漩涡中。,,,
5528178144,用户5528178144,03月06日 22:11,4876417151804016,"没有中国的军事援助，俄罗斯是打不赢的，俄罗斯“岳飞”预言
L用户5528178144的微博视频",,,
6454379658,剧不慌,03月06日 22:11,4876417140266867,"俄罗斯二战军事历史片:《猎杀 T-34 (2019)》
先👍后看，求关住@剧不慌
★ 俄罗斯金鹰奖最佳导演、最佳改编剧本、最佳视觉效果奖和最佳电影等九项提名

T-34，二战时期在苏联防御中使用的苏联中型战车。

影片根据二战真实事件改编 …
L独处的纳兰88的微博视频",3, 64,63
3172862130,嗯嗯好的好呢,03月06日 22:11,4876417055331512,"雪大的拍不出来❄️
俄罗斯的冬天真的太长
能体会到一些俄罗斯文学中的苦的",12,,17
5090053467,坦荡荡--,03月06日 22:11,4876416947325168,世纪之交的俄罗斯，四十八岁的普京。,,,
6244553417,今日俄罗斯RT,03月06日 22:10,4876416753077014,"【#俄罗斯唯一的女性宇航员将于近日返回地球#】3月6日，据俄罗斯国有航天集团公司网站上发布的报告称，俄罗斯唯一的女性宇航员安娜•基基娜将于3月9日与考察组成员一起乘坐美国“龙”飞船离开国际空间站返回地球。

据悉，安娜•基基娜10月作为“龙”飞船第5次商业任务（Crew-5）国际考察组成员到达国 展开全文c",6, 4,89
6294988897,这就是宇宙,03月06日 22:09,4876416628558596,介文汲：美国不断想通过俄乌冲突将中国大陆与俄罗斯划等号，但乌克兰不肯配合导致无法得逞#中国##台湾##俄乌局面##关注俄乌局面最新停顿# L这就是宇宙的微博视频,,,
1233624795,无心可静_,03月06日 22:09,4876416555947683,如果俄罗斯输了，后果对中国危害极大，所以中国绝不能让这种情况发生，必须千方百计地曲线援助俄罗斯,2,,6
1280325515,颜值荟萃,03月06日 22:09,4876416548864939,俄罗斯网红在街头对美女小姐姐随机采访，不得不说俄罗斯美女还是挺多的！#颜值##街拍##美女##哎呀好身材##搞笑视频##搞笑# L颜值荟萃的微博视频,,,
5086160970,扎西德勒·天珠文化,03月06日 22:09,4876416505616323,俄罗斯10岁男孩遇袭中弹后，掩护2名女童藏进树林，被授予“英勇与勇气”奖章。 L扎西德勒·天珠文化的微博视频,3, 3,103
1799302937,毛毛是嘉姐,03月06日 22:09,4876416451611751,"人鱼小姐：朱旺跟芮莹玩俄罗斯方块，真是童年记忆了
L毛毛是嘉姐的微博视频",,,
1646366372,著名小飞鱼,03月06日 22:08,4876416422514462,"看电影/碟片20230302之《特工008》
少有的俄罗斯影片，从名字看不是致敬007就是挑战007.",,,
5816877463,杞人忧天一二三,03月06日 22:08,4876416284625498,对乌克兰的过度挤压会不会导致其极端化？不能完全排斥这种可能性，真如此，就是俄罗斯的噩梦，也是欧洲的噩梦！,,,
7716144894,MorinoBunny_苏尚卿的留声机,03月06日 22:08,4876416271262741,"苏尚卿 #苏尚卿#
【留声机声音印记42】哦瞧瞧这个小帅哥是谁呀晚安啦（出自动画《冰雪女王3：火与冰》（俄罗斯）中配版 角色：凯） LMorinoBunny_苏尚卿的留声机的微博视频",7,,25
7331154521,3血色浪漫,03月06日 22:07,4876416149621967,"俄罗斯家里资源有的是，不止油气，很多矿产资源的探明储量都是世界第一，我在《俄乌一周年》里说过，中俄在产业上有很大的互补性。

何况客户也不止中国一个，资源是硬通货，其实是不愁卖的，就看俄罗斯愿不愿意卖。

二是长期的，重整制造业体系，创造就业和税收。

俄罗斯工业的问题在于，它依然试图 展开全文c",,,
1606098290,东方穆萨,03月06日 22:07,4876416124984754,"【比利时农民开拖拉机封锁布鲁塞尔市中心】据俄罗斯卫星通讯社报道，数千名比利时农民将拖拉机开进布鲁塞尔市中心，要求取消要关闭数十个农场的计划。
抗议者封锁了城市的中心部分。当局建议居民不要前往该地区。组织者称，他们已经宣布，有3000多辆拖拉机参与了这次行动，而按照警方在当天 展开全文c",,,
2683282073,京东乐道翁,03月06日 22:07,4876416116331090,维克多·尼古拉耶维奇·尤什科维奇 Victor Nikolaevich Yushkevich 白俄罗斯艺术家 1961-『风景画大师尤什凯维奇的绘画，无尽透彻的光，独特的森林与田野之美！』O风景画大师尤什凯维奇的绘画，无尽透彻的光，独特的森林与田野之美！,,,1
5586933121,从宇宙黑洞飞出火凤凰,03月06日 22:07,4876416112663850,【#英国向欧洲大陆输气管道暂停供气#，或加剧欧洲大陆天然气短缺】据今日俄罗斯电视台网站报道，4日晚，运营商发布通知称，因设备故障问题，英国通过比利时向欧洲大陆输送天然气的重要管道之一“互连”天然气管道暂停供气，并持续至3月8日。此次管道的故障可能进一步加剧欧洲大陆天然气短缺的状况。 展开全文c,,,
1051673137,小麦撒野,03月06日 22:07,4876416107417763,"苏联烈士墓

中国境内目前有58处苏联烈士墓，主要集中在东北3省、内蒙古东部、河北省北部，在武汉、重庆等城市也有零星分布。

众所周知，俄罗斯是战斗的民族，也是崇尚英雄的国度，在苏联时期，几乎每个城市的中心都是烈士陵园，由英雄塑像、长明灯广场、纪念碑和坦克雕塑（或飞机）组成，苏联解体后 展开全文c",,,5
6497006102,w想吃桃子,03月06日 22:07,4876415953015066,在俄罗斯待久了，回中国吃不惯中国的粉，特地让朋友给我带了罗斯粉，还是那个熟悉的感觉。,,,
5583801878,霂_祈慕_774,03月06日 22:06,4876415893773091,"芙清祛痘凝胶29.9
敷尔佳敷料18.9
绽妍小水库祛痘黑面膜 19.9

我们遵旨准备返程，一切就绪了，她老人家又看着满海滩白白胖胖的俄罗斯女人好玩，跟人家“哈啰哈啰”的，有点兴趣盎然。看着渔民刚打捞的螃蟹大虾，忍不住叫我们买了，她猫在房间大快朵颐。眼看快到点了也不让收拾行装，不 展开全文c",4,,
3450246104,币圈途说,03月06日 22:06,4876415868868363,"生活在战争中继续。。。第 123 尼古拉耶夫旅的一名士兵，呼号“教授”直接在战壕里向他的学生在线咨询。

#乌克兰##乌克兰战争##俄罗斯#",,,
6286512043,雪莉伏洛捷卜,03月06日 22:06,4876415823253591,"泪目
俄罗斯虽大 但我们已经无路可退 我们的身后就是莫斯科！",,,
5594165638,战略安全与军控在线,03月06日 22:06,4876415818531763,"【俄国防部长主持会议讨论武器保障等问题】
据外媒报道，俄罗斯国防部4日表示，俄国防部长绍伊古在联合部队总部主持召开会议，重点讨论了俄军武器和弹药保障等问题。绍伊古听取了相关工作汇报，还特别强调了组织预备役人员的实战训练、军事和政治相关活动等问题。稍早前，绍伊古视察了顿涅茨克南部方向 展开全文c",,,2
5594165638,战略安全与军控在线,03月06日 22:06,4876415771611072,"【武契奇:塞尔维亚向乌克兰出售武器是“谎言”】
据外媒5日报道，塞尔维亚总统武契奇表示，塞尔维亚向乌克兰出售武器的有关报道是“公然的谎言”，并指出塞尔维亚既不向乌克兰也不向俄罗斯提供军事武器。
武契奇说：""我们谈论的是一个公然的谎言。塞尔维亚没有向任何人输送武器。塞尔维亚生产和销售弹 展开全文c",1, 4,6
5594165638,战略安全与军控在线,03月06日 22:06,4876415742247814,"【俄媒：俄工程师研发出具有夜视功能的无人机，可用于监控油气管道】
据外媒报道，俄罗斯国家技术倡议项目支持基金当地时间5日告诉媒体，俄罗斯Clevercopter公司研发出一型名为“Airmedic MINI”的无人机，该型无人机可以配备夜视摄像头，用来监控石油和天然气管道。该基金在一份声明表示，“俄罗斯工 展开全文c",1, 4,10
6382930829,吉尔吉斯卡巴尔通讯社,03月06日 22:06,4876415722327576,"比什凯克小伙“俄罗斯好声音“晋级

音乐选秀节目《俄罗斯好声音》第11季已于3月3日拉开帷幕。最新一期节目中，来自吉尔吉斯斯坦选手的弗拉德·佐托夫凭借出色唱功，成功通过盲选，进入一名导师战队。

弗拉德·佐托夫今年27岁，此次演唱的是伊万·库帕拉乐队知名歌曲《Kostroma》。导师波琳娜·加加林娜 展开全文c",,,
7514676758,素人观点,03月06日 22:06,4876415684580962,"#俄乌局势##俄乌局势新进展# 俄罗斯和伊朗推出新的运输走廊
双方审议了南北运输走廊雷什特-阿斯塔拉段铁路连通项目的完成。

这意味着：

●在未来的MTK南北方向重新定位货物流向俄罗斯方向。里海、波斯湾和印度将成为俄罗斯与国际经济的对接枢纽。
● 加快伊朗、阿塞拜疆和俄罗斯之 展开全文c",3, 2,13
6361581182,文行先生wenxing,03月06日 22:05,4876415642633161,"《普京错哪了？中国怎么办？》

——作者：文行先生

本公众号矢志于西方伪史研究，今破例谈谈俄乌冲突。

俄乌冲突一周年，不少文著视频谈论俄乌冲突，大家讲的比较多的是，俄罗斯失算，高估自己军力和低估乌克兰抵抗力。

在我看来，普京最大的失算是美国战略东移的决心。

在俄乌冲突之 展开全文c",4, 3,6
7360594450,海客新闻,03月06日 22:05,4876415625858137,【#男子在俄富豪汽车底部安装炸弹# 俄安全局及时拆除阻止爆炸】当地时间3月6日，俄罗斯联邦安全局通报，挫败了一起暗杀俄罗斯察里格勒集团公司负责人康斯坦丁·马洛费耶夫的企图。 据公布的监控视频显示，一名头戴连衣帽的黑衣男子趁周围无人，在一辆黑色轿车下安装炸弹。随后，俄罗斯联邦安全局利用设 展开全文c,, 4,8
1575156834,我是玉昆,03月06日 22:05,4876415508154319,由于美国将美元武器化的特殊原因，人民币国际化首先在俄罗斯获得戏剧性的突破。O媒体：人民币首次成为俄罗斯交易量最大的外币,,,
3173692767,诸葛小彻,03月06日 22:04,4876415184932878,【本土遭袭俄控诉北约，美撇清关系拉俄会晤、战事不利乌恐被出卖】近期，俄罗斯本土遭遇袭击，俄直接控诉北约，虽然这次袭击由乌克兰发起，但北约国家无疑起到推波助澜的作用。#诸葛小彻# #微博公开课# O本土遭袭俄控诉北约，美撇清关系拉俄会晤、战事不利乌恐被出卖,,,2
2814041022,善资雅,03月06日 22:03,4876415080337737,"杨世光在金钱爆
------免费版笔记------
1、OPEC减产破局？
（1）阿联酋称并没有离开OPEC计划
（2）OPEC现在的老大是沙特
（3）阿联酋对限产非常不满
（4）沙特想取代中东金融中心
（5）几场大型峰会，只要在沙特办的，阿联酋就不参加
（6）阿联酋对俄罗斯军事产品的输出来到历史高点，欧美警告，阿联 展开全文c",,,7
7498357451,遵义好房子网,03月06日 22:03,4876415050190119,【突发！#俄罗斯顶级科学家被皮带勒死家中# ，曾研发新冠疫苗 】当地时间3月2日，俄罗斯顶级科学家安德烈·博蒂科夫在位于莫斯科西北部的公寓里被人用皮带勒死。博蒂科夫是俄罗斯国家流行病学和微生物学研究中心的高级研究员，2020年因研制出“卫星五号”新冠疫苗而被俄罗斯政府授予祖国功绩勋章，自从 展开全文c,,,
3039272793,透明的怪叔叔,03月06日 22:03,4876414971549276,西方国家很关心中国会否給俄羅斯武器，或許他們要先定義，是否給了武器就是參战，因为他們給了烏克蘭很多武器，是否等於已經參战,,,1
5936814797,上海合作组织,03月06日 22:02,4876414895529873,"【俄外交部: 上合国家没有将组织变成军事政治集团的任务】

俄罗斯总统上合组织事务特别代表巴赫季耶尔•哈基莫夫周一向俄罗斯记者总结访华成果时表示，上海合作组织成员国没有将组织变成军事政治集团的任务。

他强调，""我们不和任何人对抗。2015年在乌法通过的《上合组织至2025年发展战略》中明确写 展开全文c",1, 2,17
3626485974,HW前HR,03月06日 22:02,4876414874033998,"美金融机构评估报告：俄石油产量将在今年6月恢复正常水平！

由于印度和非洲等地方大量增加进口俄罗斯石油，欧美对俄罗斯石油绞杀是失败的。

美国金融服务机构摩根大通银行近日发布评估报告认为，尽管西方国家针对俄罗斯石油实施了多轮制裁，导致俄对欧洲的石油出口减少，但由于来自亚洲地区的需求增 展开全文c",55, 54,672
5714662883,独处一亩三分地,03月06日 22:02,4876414823959586,"^today.1473
这几天度日如年，上厕所收到消息今晚领导不在，和同事忍不住拳拳相碰握手跳起舞，晚上工作忙却感到舒心，终于熬到了明后天休息，还没想好这美妙的夜晚如何度过，要无所事事发呆干饭追剧看熊猫，最近沉迷中国花花韩国福宝日本香香俄罗斯如意.......免费球球装饰品，不花钱的好看。",6,,6
3307231905,仰望弗洛伊德,03月06日 22:02,4876414748723613,"介文汲：德美之间立场转变，舒尔茨访美硬气，拜登不再放狠话

#美国##关注俄乌局势最新进展##中美关系##泽连斯基称若战败美国人将把儿女送战场战死##台海局势##欧盟##俄罗斯##乌克兰局势##俄乌战争##乌克兰##德国# 2厦门 L仰望弗洛伊德的微博视频",, 4,17
2683282073,京东乐道翁,03月06日 22:02,4876414720155157,俄罗斯风景绘画大师德米特里 ·莱文对风景油画中的光线进行多年研究，并在他的作品中表现的淋漓尽致。,1,,1
6996675842,蒙古格日,03月06日 22:02,4876414718836803,"在蒙滞留俄卡尔梅克籍避难旅客，现身美国

今年的2月23日，俄罗斯卡尔梅克籍公民巴特尔，从哈萨克斯坦乘坐航班飞抵蒙古国乌兰巴托后，因为护照过期等原因蒙方不准其入境，在新成吉思汗国际机场被迫滞留了数天。

由于他把在蒙古国机场滞留的经过和遭遇，发布在了“脸书”网站上，引发了网民们的热议。
展开全文c",2, 1,4
1498169387,赵所生,03月06日 22:01,4876414597731202,【白俄罗斯之“白”何意】在白俄罗斯语中，其国名为Беларусь，字面意即白色纯正的俄罗斯。他们认为白俄罗斯人比俄罗斯人和乌克兰人具有更纯正的斯拉夫血统。因白俄罗斯语“Бе”的发音与汉语“白”的发音相同，都有纯正义，故将“Беларусь”翻译成“白俄罗斯”，既是音译，也是意译。,3, 10,19
1845864154,看看新闻KNEWS,03月06日 22:00,4876414324576803,【巴赫穆特激战之际 俄乌高官先后抵达前线鼓舞士气】俄罗斯《消息报》5日称，俄军在巴赫穆特获得了对乌军的优势，但还没有成功将乌军部队赶出该市，在不久的将来也无法完全包围这座城市。4日，绍伊古视察了在顿涅茨克的东部军区所属集团军的一个前线指挥所，在那里听取了副国防部长关于组织不间断保障 展开全文c,12, 6,53
1077173264,互联网分析师于斌,03月06日 22:00,4876414199011728,"如果俄罗斯输了：
1、俄罗斯可能分成几个国家，然后都倒向西方。
2、俄罗斯的油田被西方控制，油价也被西方左右。
3、北约继续东扩至东亚。
4、美西方把手段复制过来亚洲这边，针对我们，我们的压力会更大。
5、俄罗斯的联合国常任理事国席位可能变成德国或者印度的。
6、世界各国更加的怕美国，会有更 展开全文c",33, 10,88
2110587294,身为里中横,03月06日 22:00,4876414195863761,"【乌克兰军队没有离开巴赫穆特！ 这座城市还在坚持】
#关注俄乌局势最新进展#
尽管俄罗斯人正试图包围这座城市，但乌克兰军队正在对入侵者进行拼死抵抗。
第 93 Kholodny Yar 旅无所畏惧敌人的攻击，镜头带你接触乌克兰战争吞噬城市的每一米。 L身为里中横的微博视频",6, 2,46
1740979351,梁无咎,03月06日 22:00,4876414182232346,"提问：就是因为北约和日韩都是一伙人，所以我们更要团结俄罗斯，来对抗他们。你觉得呢？

回答：如果你这样想，那恭喜你成功加入了俄罗斯的两桌麻将群。然后8个对抗人家144个。

脑抽筋了，一天天叫嚷对抗这对抗那。才吃饱饭几天？

菜鹅因为侵略乌克兰，现在是过街老鼠，人人喊 展开全文c",53, 17,206
1615722293,baisublog123,03月06日 21:59,4876413939226448,俄罗斯的伟大复兴，不能缺少乌克兰。是这样吧。,,,
7631163262,跃报,03月06日 21:58,4876413821784030,"俄罗斯军事科学博士康斯坦丁∙西夫科夫对卫星通讯社表示，英国向美国购买“标枪”导弹的计划可证明其在准备向乌克兰派出远征军。
#俄乌局势##战事升级#",,,
2029561081,longzeya20,03月06日 21:58,4876413814179426,"拼夕夕互助#互助拼多多# 0.3r出一次助力，可接多量。提供过程截图，可先刀后米

【还有少量新人】

2r 5次 5r20次 10r50次
支持先用后付！

我也是，在法国和瑞士待久了都有点吃不惯中餐了，另外附上法国和瑞士得地道食品在俄罗斯待久 ???在俄罗斯待久了 ???",,,
6042105336,囚徒健身志,03月06日 21:58,4876413801600714,战斗民族俄罗斯将大熊猫养成功夫熊猫，还得是民族天赋#大熊猫# L囚徒健身志的微博视频,,,1
1893801487,微天下,03月06日 21:58,4876413749952821,【#俄罗斯顶级科学家被皮带勒死家中# ，曾研发新冠疫苗】当地时间3月2日，俄罗斯顶级科学家安德烈·博蒂科夫在位于莫斯科西北部的公寓里被人用皮带勒死。博蒂科夫是俄罗斯国家流行病学和微生物学研究中心的高级研究员，2020年因研制出“卫星五号”新冠疫苗而被俄罗斯政府授予祖国功绩勋章，自从俄乌战争 展开全文c,38, 34,232
7399894004,沙姆雄狮_EL,03月06日 21:58,4876413679438189,"俄罗斯“大天使”特种部队的狙击手在树林中射击一名乌克兰士兵。

#俄乌局势新进展##俄乌局势# L沙姆雄狮_EL的微博视频",,,34
2805682365,居士妈妈万福-,03月06日 21:57,4876413541026608,现在中国角度，和历史经验，来看，我不希望俄罗斯赢，也不希望俄罗斯输，他和乌克兰焦灼战对中国最有利，历史上下场最晚，往往对自己越有利，参考二战美国，收台湾是必须的，就是什么时间点做而已。我看到沿海城市企业往四川迁的。,,,4
7777631727,冬冬冬0929,03月06日 21:56,4876413398417845,"身边的人全都买车买房，结婚生子了，现在很焦虑怎么办？

昨天晚上和一个粉丝朋友聊天，他已经30岁了，在保定一个大厂工作，前几年厂里外派他去俄罗斯，回来以后年薪20万，家里没负担，自己没负债。

但是，可能是前几年去俄罗斯的缘故吧，婚姻一直耽误了，这两年回来一看，之前同龄的小伙伴全都买车买 展开全文c",1,,
6631101126,拆台本尊,03月06日 21:56,4876413352285123,"笑死了。

#LV#的广告片里用了个蓝白红三色的棋子，最终呈现了个符号V。

乌克兰居然破防了，大呼这是在支持俄罗斯。

L拆台本尊的微博视频",8, 6,24
2343014623,衝鋒号角,03月06日 21:56,4876413338917509,"俄罗斯国防部长谢尔盖·绍伊古视察了乌克兰的马里乌波尔。

#镜头下的花样世界##俄乌战争爆发一周年# L衝鋒号角的微博视频",3, 4,27
1114460985,H六老根儿,03月06日 21:56,4876413225932858,《丁显平_百度百科》丁显平，男，四川大学教授、联合国科学院院士、俄罗斯自然科学院院士、优生遗传学专家，长期从事医学遗传学、基因组学和干细胞领域的科学研究和人才培养，牵头建成了中国方竹种质资源库，并对中国方竹进行了基因组学研究；完成了世界极濒危植物—南川木波罗的全基因组学研究； 展开全文c,,,
6906214710,投资者张,03月06日 21:55,4876413155416176,俄罗斯顶级科学家被人用皮带勒死在家中，系俄新冠疫苗研发者之一 O俄罗斯顶级科学家被人用皮带勒死在家中，系俄新冠疫苗研发者之一,,,
1850803773,五月后院,03月06日 21:55,4876412991837355,"大国历史加审美
俄罗斯的审美也超强
#bilibili# 莉莉东的视频O这些设计是中国的，望周知",,,
7342896456,Wwaihong,03月06日 21:55,4876412940980541,一些去俄罗斯的回忆,6,,3
7351829801,美洲报姐,03月06日 21:54,4876412748566032,发布了文章 《局势突然反转，美国背后“捅刀”德国，俄罗斯警告塞尔维亚》 O局势突然反转，美国背后“捅刀”德国，俄罗斯警告塞尔维亚,,,
1649173367,每日经济新闻,03月06日 21:54,4876412731785511,【突发！#俄罗斯顶级科学家被皮带勒死家中# ，曾研发新冠疫苗 】当地时间3月2日，俄罗斯顶级科学家安德烈·博蒂科夫在位于莫斯科西北部的公寓里被人用皮带勒死。博蒂科夫是俄罗斯国家流行病学和微生物学研究中心的高级研究员，2020年因研制出“卫星五号”新冠疫苗而被俄罗斯政府授予祖国功绩勋章，自从 展开全文c,247, 237,1814
1770182721,weaverbird,03月06日 21:53,4876412656027276,俄罗斯赫尔松地区的国民警卫队 Eleron-7 无人机机组人员的战斗工作画面。,1,,
6244553417,今日俄罗斯RT,03月06日 21:53,4876412596523294,【#伊朗酒店里响起俄罗斯国歌#】3月4日，一位俄罗斯知名女歌手莱拉·库德里亚夫策娃（Lera Kudryavtseva） 在自己的社交平台telegram上发布视频。视频中显示，伊朗德黑兰的酒店大堂中，一位钢琴家正在弹奏俄罗斯国歌。 L今日俄罗斯RT的微博视频,19, 10,201
1613755807,罶89,03月06日 21:53,4876412525747319,《经济学专家称：俄罗斯🇷🇺只有一...@乌克兰小侯的动态》经济学专家称：俄罗斯🇷🇺只有一...@乌克兰小侯的动态http://t.cn/A6Ca8ruJ,,,
7659856046,风过杏林识卿香_,03月06日 21:53,4876412500577100,"‼️据报道，第 93 OMBr 的空中侦察工作在巴赫穆特遭到炮火袭击。

俄罗斯人正在那个地区倾其所有。

#Ukraine #UkraineRussiaWar️#关注俄乌局势最新进展# L风过杏林识卿香_的微博视频",,,
1760298927,陆锡鑫,03月06日 21:51,4876411984158252,"#瓦格纳创始人喊话泽连斯基撤离老人儿童#……3月3日，俄罗斯“瓦格纳”集团创始人叶夫根尼·普里戈任在前线喊话乌克兰总统泽连斯基称，“瓦格纳”的部队已包围了阿尔乔莫夫斯克（乌克兰称为“巴赫穆特”），泽连斯基应该让该地区的老人和儿童撤离。
L今日俄罗斯RT的微博视频",, 1,2
1288361790,本溪老刘,03月06日 21:50,4876411880344104,俄罗斯的下场，大家都看到了，世界银行不能指望，该中国出手了O网页链接,,,
1288361790,本溪老刘,03月06日 21:50,4876411821883489,俄罗斯，已缴纳2023年联合国会费，谣言不攻而破！美国却还在拖欠O网页链接,,,
7529916198,糖YYv蛋挞,03月06日 21:50,4876411661189976,3月2日，俄罗斯顶级科学家安德烈·博蒂科夫（Andrey Botikov）在位于莫斯科西北部的公寓里被人用皮带勒死。俄罗斯联邦调查委员会称，正对这起谋杀案进行调查。,,,
1442776553,刘言斐语kan,03月06日 21:49,4876411633141905,"乌克兰 乌克兰军队击退超过 95 次敌军进攻
俄罗斯军队正集中力量在库皮安斯克、莱曼、巴赫穆特、阿夫迪夫卡和矿工方向进行进攻行动。在过去24小时内，乌克兰守军击退了上述方向的敌军95余次进攻。
过去一天，俄军发动了27次空袭和4次导弹袭击，并使用多管火箭炮系统（MLRS）开火70余次。
与此 展开全文c",2, 1,5
6083023043,神颜研究所,03月06日 21:49,4876411557644863,"#俄罗斯##帅哥##185大帅哥#
地铁偶遇的卷毛帅哥 L神颜研究所的微博视频",, 1,1
5086160970,扎西德勒·天珠文化,03月06日 21:49,4876411548993886,当地时间3月2日，莫斯科。#俄罗斯科学家被人用皮带勒死于家中#，系俄新冠疫苗研发者之一，俄联邦调查委员会称，正对这起谋杀案进行调查。 L扎西德勒·天珠文化的微博视频,,,1
6069303535,去一趟里约热内卢,03月06日 21:49,4876411460131788,"俄罗斯终于过了四点就天黑的季节
晴天的日子也越来越多了
终于",,,4
1308291455,马牧之,03月06日 21:49,4876411427357032,【被多国扫地出门后，马克龙：法国必须展示出“深刻谦逊” 】法国在非洲施加影响力有四大支柱：文化、政治、经济和军事，而如今这几个支柱都发生动摇。法国对非外交遭受重挫后，西方国家立即掀起围攻俄罗斯的浪潮，声称莫斯科对巴黎进行了一系列“粗暴捏造指控”，这造成了法国在非形象受损。 展开全文c,,,2
5603325210,旗山野人,03月06日 21:49,4876411406391779,"近日美西方媒體報道説：
塞爾維亞向烏克蘭提供了武器。
就此消息，
俄羅斯普京總統希望塞爾維亞澄清，
以免被西方敵對势力造謡抹黑。
日前，塞爾維亞總統武契奇回應表示：
塞爾維亞從未向烏克蘭提供任何武器，
也決不會向烏克蘭提供任何武器。
有関西方報道的消息，
可能是塞爾維亞對土耳其履行以前武 展开全文c",1,,
6509487608,全球国货之光,03月06日 21:47,4876410995607409,"全球国货之光 ·🇧🇾白俄罗斯
「尤里·先科」大使：“白俄罗斯是一个纯洁、富有、美丽的东欧国家，我们欢迎更多的中国游客到白俄罗斯旅游”🗺️
✨每周六 19:30 海南卫视@海南卫视官方微博
✨国货之美 美美与共！#全球国货之光##白俄罗斯# L全球国货之光的微博视频",,,
1366507364,Lucky萌哒兔n_n,03月06日 21:46,4876410709606479,《俄顶级科学家被皮带勒死家中，曾研发新冠疫苗》当地时间3月2日，俄罗斯顶级科学家安德烈·博蒂科夫在位于莫斯科西北部的公寓里被人用皮带勒死。俄罗斯联邦调查委员会称，正对这起谋杀案进行调查。O网页链接,,,
5816877463,杞人忧天一二三,03月06日 21:45,4876410579584671,俄罗斯到底想要什么？不折不扣地执行明斯克协议？这样真的就对俄罗斯有利？就算最后北约和乌克兰屈服了（这种可能性有多大呢？）又能怎样呢？明斯克协议并没有否决乌克兰的主权，且没有自带纠错条款，这样的协议带有诸多隐患 ，前面乌克兰对协议的蚕食就很能说明问题。克里米亚会怎样？如果国际环境得 展开全文c,,,
5086160970,扎西德勒·天珠文化,03月06日 21:45,4876410425183602,#乌军多支精锐部队被俄军消灭#，泽连斯基称这里的战斗“痛苦而艰难”！ 乌军指挥官：“每一小时都像地狱”。#俄罗斯乌克兰局势# L扎西德勒·天珠文化的微博视频,,,2
7781662905,寸头铁蹄嬷,03月06日 21:44,4876410327933014,我要俄罗斯混子塑卢米安，爱喝酒逃课的白俄混子但是帅哥,2,,
5638339338,HUKKET,03月06日 21:44,4876410315348961,"没别的意思
但是🦴❤️🔔真的也太像俄罗斯娜娜了",8,,2
1288361790,本溪老刘,03月06日 21:44,4876410298043408,俄罗斯总统普京与伊朗总统莱希通电话O网页链接,,,
6975044363,沈知虎,03月06日 21:43,4876410034069822,你们两个怎么看到我发的维辰大腿图不回我了@俄罗斯笨猫 @EU-PHORA,2, 1,
6793437973,豆腐忘记起名了,03月06日 21:43,4876409968007986,"利路修一个俄罗斯人

在日本开自己品牌发布会

说

中文

哈哈哈哈哈哈哈哈哈哈哈哈哈哈哈哈哈哈哈哈哈哈哈哈哈哈哈哈哈哈哈哈哈哈哈哈笑发财了

利老师，不愧是你",,,2
5747376924,大嫂有好股,03月06日 21:42,4876409849250112,股票财经 当地时间3月6日，俄罗斯央行发布公告称决定建立国家保险信息系统股份公司，负责运营自动化保险信息系统。该系统将整合所有汽车保险和房屋保险的信息，提供一个更完整的被保险人和对象的情况，并为消费者创造新的和更方便的服务。根据法律规定，俄罗斯央行将拥有国家保险信息 展开全文c,,,2
2242901363,周小四小,03月06日 21:42,4876409850300138,《俄罗斯为何搞不定乌克兰？是因普京犯了几大致命失误》此视频已有11万次播放，快来一起看看！O网页链接,,,
